about,projname,projurl,star,topics,update,username,userurl
"Open source UI framework written in Python, running on Windows, Linux, macOS, Android and iOS",kivy,github.com/kivy/kivy,15122,"android,python,windows,macos,linux,ios,app,ui,kivy","Oct 16, 2022",kivy,github.com/kivy
Project documentation with Markdown.,mkdocs,github.com/mkdocs/mkdocs,15116,"python,markdown,static-site-generator,documentation,mkdocs","Oct 17, 2022",mkdocs,github.com/mkdocs
"An efficient, small mobile key-value storage framework developed by WeChat. Works on Android, iOS, macOS, Windows, and POSIX.",MMKV,github.com/Tencent/MMKV,15092,"android,kotlin,python,windows,macos,swift,golang,ios,key-value,wechat,flutter","Sep 29, 2022",Tencent,github.com/Tencent
Tool for producing high quality forecasts for time series data that has multiple seasonality with linear or non-linear growth.,prophet,github.com/facebook/prophet,15022,"python,r,forecasting","Sep 21, 2022",facebook,github.com/facebook
Faker is a Python package that generates fake data for you.,faker,github.com/joke2k/faker,14867,"python,testing,fake,dataset,test-data,fake-data,test-data-generator","Oct 15, 2022",joke2k,github.com/joke2k
Home Page:,pyscript,github.com/pyscript/pyscript,14710,"javascript,python,html","Oct 18, 2022",pyscript,github.com/pyscript
ğŸ“·Instagram Bot - Tool for automated Instagram interactions,InstaPy,github.com/InstaPy/InstaPy,14698,"python,bot,instagram,automation,script,selenium,clarifai","Aug 25, 2022",InstaPy,github.com/InstaPy
ğŸ˜®pythonæ¨¡æ‹Ÿç™»é™†ä¸€äº›å¤§å‹ç½‘ç«™ï¼Œè¿˜æœ‰ä¸€äº›ç®€å•çš„çˆ¬è™«ï¼Œå¸Œæœ›å¯¹ä½ ä»¬æœ‰æ‰€å¸®åŠ©,awesome-python-login-model,github.com/Kr1s77/awesome-python-login-model,14614,"python,twitter-bot,selenium,facebook-login,spiders,weixinbot,jingdong,sina-spider,github-login,zhihu-spider,tuchong,taobao-spider,bilibili-login,lagou-spider,163mail-login,douban-spider,guoke-spider","Jul 26, 2022",Kr1s77,github.com/Kr1s77
"Kodi is an award-winning free and open source home theater/media center software and entertainment hub for digital media. With its beautiful interface and powerful skinning engine, it's available for Android, BSD, Linux, macOS, iOS, tvOS and Windows.",xbmc,github.com/xbmc/xbmc,14602,"android,python,macos,linux,c-plus-plus,ios,multimedia,xml,kodi,windows-uwp,media-player,windows-desktop,xbmc,media-center,hacktoberfest,home-theater,entertainment-hub","Oct 18, 2022",xbmc,github.com/xbmc
ç»å…¸ç¼–ç¨‹ä¹¦ç±å¤§å…¨ï¼Œæ¶µç›–ï¼šè®¡ç®—æœºç³»ç»Ÿä¸ç½‘ç»œã€ç³»ç»Ÿæ¶æ„ã€ç®—æ³•ä¸æ•°æ®ç»“æ„ã€å‰ç«¯å¼€å‘ã€åç«¯å¼€å‘ã€ç§»åŠ¨å¼€å‘ã€æ•°æ®åº“ã€æµ‹è¯•ã€é¡¹ç›®ä¸å›¢é˜Ÿã€ç¨‹åºå‘˜èŒä¸šä¿®ç‚¼ã€æ±‚èŒé¢è¯•ç­‰,awesome-cs-books,github.com/imarvinle/awesome-cs-books,14481,"python,java,linux,javaweb,cs-books","Jun 15, 2022",imarvinle,github.com/imarvinle
"ğŸ—ƒOpen source self-hosted web archiving. Takes URLs/browser history/bookmarks/Pocket/Pinboard/etc., saves HTML, JS, PDFs, media, and more...",ArchiveBox,github.com/ArchiveBox/ArchiveBox,14345,"python,rss,backups,firefox,pinboard,youtube-dl,chromium,self-hosted,wget,pocket,browser-bookmarks,warc,web-archiving,wayback-machine,digipres,singlefile,headless-browser,bookmark-archiver,internet-archiving,archivebox","Sep 14, 2022",ArchiveBox,github.com/ArchiveBox
"A fast, distributed, high performance gradient boosting (GBT, GBDT, GBRT, GBM or MART) framework based on decision tree algorithms, used for ranking, classification and many other machine learning tasks.",LightGBM,github.com/microsoft/LightGBM,14281,"microsoft,python,machine-learning,data-mining,r,parallel,distributed,kaggle,gbdt,gbm,lightgbm,gbrt,decision-trees,gradient-boosting","Oct 18, 2022",microsoft,github.com/microsoft
A cd command that learns - easily navigate directories from the command line,autojump,github.com/wting/autojump,14259,"python,filesystem,command-line-tool,autojump","Oct 15, 2022",wting,github.com/wting
Best Practices on Recommendation Systems,recommenders,github.com/microsoft/recommenders,14235,"microsoft,python,kubernetes,data-science,machine-learning,tutorial,deep-learning,azure,rating,jupyter-notebook,artificial-intelligence,ranking,recommender,recommendation-system,recommendation-engine,recommendation,recommendation-algorithm,operationalization","Oct 18, 2022",microsoft,github.com/microsoft
"ğŸ’¿Free software that works great, and also happens to be open-source Python.",awesome-python-applications,github.com/mahmoud/awesome-python-applications,14012,"audio,game,python,productivity,science,education,application,gui,video,graphics","Jul 10, 2022",mahmoud,github.com/mahmoud
Optional static typing for Python,mypy,github.com/python/mypy,13952,"python,typechecker,types,linter,typing","Oct 18, 2022",python,github.com/python
"ğŸš€Pulumi - Universal Infrastructure as Code. Your Cloud, Your Language, Your Way",pulumi,github.com/pulumi/pulumi,13942,"javascript,python,go,kubernetes,golang,aws,cloud,typescript,csharp,serverless,fsharp,dotnet,azure,containers,gcp,iac,cloud-computing,infrastructure-as-code","Oct 18, 2022",pulumi,github.com/pulumi
Textual is a TUI (Text User Interface) framework for Python inspired by modern web development.,textual,github.com/Textualize/textual,13924,"python,terminal,tui,rich","Oct 18, 2022",Textualize,github.com/Textualize
"An advanced Twitter scraping & OSINT tool written in Python that doesn't use Twitter's API, allowing you to scrape a user's followers, following, Tweets and more while evading most API limitations.",twint,github.com/twintproject/twint,13909,"python,elasticsearch,kibana,osint,twitter,tweets,scrape,twint,tweep,scrape-followers,scrape-likes,scrape-following","May 19, 2022",twintproject,github.com/twintproject
å¾®ä¿¡ã€Šè·³ä¸€è·³ã€‹Python è¾…åŠ©,wechat_jump_game,github.com/wangshub/wechat_jump_game,13869,"python,adb,wechat-app","Jun 21, 2022",wangshub,github.com/wangshub
"Interactive Data Visualization in the browser, from  Python",bokeh,github.com/bokeh/bokeh,16796,"visualization,javascript,python,plots,jupyter,visualisation,data-visualisation,bokeh,plotting,notebooks,interactive-plots,numfocus","Oct 18, 2022",bokeh,github.com/bokeh
Zulip server and web appâ€”powerful open source team chat,zulip,github.com/zulip/zulip,16559,"electron,javascript,python,slack,chat,react-native,foss,apache,collaboration,python3,free,zulip","Oct 18, 2022",zulip,github.com/zulip
Next generation Python web server/framework | Build fast. Run fast.,sanic,github.com/sanic-org/sanic,16524,"python,framework,web-server,web,sanic,web-framework,api-server,asyncio,asgi","Oct 16, 2022",sanic-org,github.com/sanic-org
Python sample codes for robotics algorithms.,PythonRobotics,github.com/AtsushiSakai/PythonRobotics,16521,"python,algorithm,control,robot,localization,robotics,mapping,animation,path-planning,slam,autonomous-driving,autonomous-vehicles,ekf,hacktoberfest,cvxpy,autonomous-navigation","Oct 17, 2022",AtsushiSakai,github.com/AtsushiSakai
"Cross-platform, fast, feature-rich, GPU based terminal",kitty,github.com/kovidgoyal/kitty,16322,"python,c,terminal,opengl,terminfo,terminal-emulators,vt100","Oct 17, 2022",kovidgoyal,github.com/kovidgoyal
Learn how to design large-scale systems. Prep for the system design interview.  Includes Anki flashcards.,system-design-primer,github.com/donnemartin/system-design-primer,200208,"python,design,development,programming,web,system,design-patterns,interview,web-application,webapp,interview-practice,interview-questions,design-system","Oct 15, 2022",donnemartin,github.com/donnemartin
"10 Weeks, 20 Lessons, Data Science for All!",Data-Science-For-Beginners,github.com/microsoft/Data-Science-For-Beginners,16286,"python,data-science,pandas,data-visualization,data-analysis","Oct 11, 2022",microsoft,github.com/microsoft
"The fastai book, published as Jupyter Notebooks",fastbook,github.com/fastai/fastbook,16281,"python,data-science,machine-learning,deep-learning,book,notebooks,fastai","Sep 27, 2022",fastai,github.com/fastai
matplotlib: plotting with Python,matplotlib,github.com/matplotlib/matplotlib,16271,"python,gtk,data-science,qt,data-visualization,tk,matplotlib,plotting,hacktoberfest,wx","Oct 18, 2022",matplotlib,github.com/matplotlib
ğŸ“¡Simple and ready-to-use tutorials for TensorFlow,TensorFlow-Course,github.com/instillai/TensorFlow-Course,16221,"python,deep-learning,tensorflow,deep-learning-tutorial","Aug 13, 2021",instillai,github.com/instillai
historical code from reddit.com,reddit,github.com/reddit-archive/reddit,16195,"javascript,python,reddit","Oct 17, 2017",reddit-archive,github.com/reddit-archive
An Open Source Machine Learning Framework for Everyone,tensorflow,github.com/tensorflow/tensorflow,168440,"python,machine-learning,deep-neural-networks,deep-learning,neural-network,tensorflow,ml,distributed","Oct 18, 2022",tensorflow,github.com/tensorflow
ğŸ“šæŠ€æœ¯é¢è¯•å¿…å¤‡åŸºç¡€çŸ¥è¯†ã€Leetcodeã€è®¡ç®—æœºæ“ä½œç³»ç»Ÿã€è®¡ç®—æœºç½‘ç»œã€ç³»ç»Ÿè®¾è®¡,CS-Notes,github.com/CyC2018/CS-Notes,157661,"python,java,computer-science,algorithm,leetcode,cpp,interview,system-design","Oct 7, 2022",CyC2018,github.com/CyC2018
All Algorithms implemented in Python,Python,github.com/TheAlgorithms/Python,147055,"python,education,algorithm,practice,interview,sorting-algorithms,learn,algos,algorithm-competitions,sorts,hacktoberfest,algorithms-implemented,community-driven,searches","Oct 18, 2022",TheAlgorithms,github.com/TheAlgorithms
"A curated list of awesome Python frameworks, libraries, software and resources",awesome-python,github.com/vinta/awesome-python,144689,"python,awesome,python-library,collections,python-framework,python-resources","Oct 13, 2022",vinta,github.com/vinta
ğŸ“šå…è´¹çš„è®¡ç®—æœºç¼–ç¨‹ç±»ä¸­æ–‡ä¹¦ç±ï¼Œæ¬¢è¿æŠ•ç¨¿,free-programming-books-zh_CN,github.com/justjavac/free-programming-books-zh_CN,96158,"react,javascript,android,kotlin,python,swift,pdf,ios,angular,react-native,programming,books,vue,free","Aug 13, 2022",justjavac,github.com/justjavac
"Luigi is a Python module that helps you build complex pipelines of batch jobs. It handles dependency resolution, workflow management, visualization etc. It also comes with Hadoop support built in.",luigi,github.com/spotify/luigi,16056,"python,hadoop,scheduling,orchestration-framework,luigi","Sep 22, 2022",spotify,github.com/spotify
"Ready-to-use OCR with 80+ supported languages and all popular writing scripts including Latin, Chinese, Arabic, Devanagari, Cyrillic and etc.",EasyOCR,github.com/JaidedAI/EasyOCR,16049,"python,machine-learning,information-retrieval,data-mining,ocr,deep-learning,image-processing,cnn,pytorch,lstm,optical-character-recognition,crnn,scene-text,scene-text-recognition,easyocr","Oct 13, 2022",JaidedAI,github.com/JaidedAI
"30 days of Python programming challenge is a step-by-step guide to learn the Python programming language in 30 days. This challenge may take more than100 days, follow your own pace.",30-Days-Of-Python,github.com/Asabeneh/30-Days-Of-Python,15792,"github,python,heroku,flask,mongodb,numpy,pandas,python3,matplotlib,30-days-of-python","Oct 14, 2022",Asabeneh,github.com/Asabeneh
A Powerful Spider(Web Crawler) System in Python.,pyspider,github.com/binux/pyspider,15618,"python,crawler","Oct 12, 2022",binux,github.com/binux
"Official repository for IPython itself. Other repos in the IPython organization contain things like the website, documentation builds, etc.",ipython,github.com/ipython/ipython,15557,"python,data-science,jupyter,notebook,ipython,repl,hacktoberfest,closember","Oct 17, 2022",ipython,github.com/ipython
Scalable user load testing tool written in Python,locust,github.com/locustio/locust,19943,"python,http,benchmarking,load-testing,locust,load-generator,performance-testing","Oct 17, 2022",locustio,github.com/locustio
Curated list of project-based tutorials,project-based-learning,github.com/practical-tutorials/project-based-learning,79314,"javascript,python,golang,tutorial,cpp,beginner-project,project,webdevelopment","Oct 6, 2022",practical-tutorials,github.com/practical-tutorials
Magnificent app which corrects your previous console command.,thefuck,github.com/nvbn/thefuck,74124,"python,shell","Sep 30, 2022",nvbn,github.com/nvbn
"ğŸ¤—Transformers: State-of-the-art Machine Learning for Pytorch, TensorFlow, and JAX.",transformers,github.com/huggingface/transformers,72407,"python,nlp,machine-learning,natural-language-processing,deep-learning,tensorflow,pytorch,transformer,speech-recognition,seq2seq,flax,pretrained-models,language-models,nlp-library,language-model,hacktoberfest,bert,jax,pytorch-transformers,model-hub","Oct 18, 2022",huggingface,github.com/huggingface
The Web framework for perfectionists with deadlines.,django,github.com/django/django,66848,"python,django,views,framework,orm,web,apps,templates,models","Oct 18, 2022",django,github.com/django
The Python micro framework for building web applications.,flask,github.com/pallets/flask,60854,"python,flask,web-framework,wsgi,jinja,werkzeug,pallets","Oct 15, 2022",pallets,github.com/pallets
"Zipline, a Pythonic Algorithmic Trading Library",zipline,github.com/quantopian/zipline,15506,"python,quant,algorithmic-trading,zipline","Oct 7, 2022",quantopian,github.com/quantopian
ğŸŒˆPython3ç½‘ç»œçˆ¬è™«å®æˆ˜ï¼šæ·˜å®ã€äº¬ä¸œã€ç½‘æ˜“äº‘ã€Bç«™ã€12306ã€æŠ–éŸ³ã€ç¬”è¶£é˜ã€æ¼«ç”»å°è¯´ä¸‹è½½ã€éŸ³ä¹ç”µå½±ä¸‹è½½ç­‰,python-spider,github.com/Jack-Cherish/python-spider,15358,"python,python3,python-spider,webspider","Jul 6, 2022",Jack-Cherish,github.com/Jack-Cherish
MicroPython - a lean and efficient Python implementation for microcontrollers and constrained systems,micropython,github.com/micropython/micropython,15261,"python,microcontroller,embedded,micropython","Oct 18, 2022",micropython,github.com/micropython
Never use print for debugging again,PySnooper,github.com/cool-RR/PySnooper,15251,"python,debugger,logging,debug,introspection","Jul 5, 2022",cool-RR,github.com/cool-RR
"Interactive deep learning book with multi-framework code, math, and discussions. Adopted at 400 universities from 60 countries including Stanford, MIT, Harvard, and Cambridge.",d2l-en,github.com/d2l-ai/d2l-en,15196,"python,data-science,machine-learning,natural-language-processing,computer-vision,deep-learning,mxnet,book,notebook,tensorflow,keras,pytorch,kaggle","Oct 18, 2022",d2l-ai,github.com/d2l-ai
We have made you a wrapper you can't refuse,python-telegram-bot,github.com/python-telegram-bot/python-telegram-bot,19930,"python,bot,framework,telegram,chatbot,hacktoberfest","Oct 17, 2022",python-telegram-bot,github.com/python-telegram-bot
"Free, open source crypto trading bot",freqtrade,github.com/freqtrade/freqtrade,19592,"python,bitcoin,telegram-bot,trading-bot,cryptocurrency,cryptocurrencies,trade,algorithmic-trading,freqtrade","Oct 18, 2022",freqtrade,github.com/freqtrade
Facebook AI Research Sequence-to-Sequence Toolkit written in Python.,fairseq,github.com/facebookresearch/fairseq,19445,"python,pytorch,artificial-intelligence","Oct 18, 2022",facebookresearch,github.com/facebookresearch
åŸºäºPythonçš„å¼€æºé‡åŒ–äº¤æ˜“å¹³å°å¼€å‘æ¡†æ¶,vnpy,github.com/vnpy/vnpy,19357,"python,finance,trading,fintech,algotrading,quant,investment,vnpy","Oct 1, 2022",vnpy,github.com/vnpy
JumpServer æ˜¯å¹¿å—æ¬¢è¿çš„å¼€æºå ¡å’æœºï¼Œæ˜¯ç¬¦åˆ 4A è§„èŒƒçš„ä¸“ä¸šè¿ç»´å®‰å…¨å®¡è®¡ç³»ç»Ÿã€‚,jumpserver,github.com/jumpserver/jumpserver,19295,"python,django,terminal,ssh-server,coco,luna,bastion-host,jumpserver,web-terminal","Oct 18, 2022",jumpserver,github.com/jumpserver
"åˆ†äº« GitHub ä¸Šæœ‰è¶£ã€å…¥é—¨çº§çš„å¼€æºé¡¹ç›®ã€‚Share interesting, entry-level open source projects on GitHub.",HelloGitHub,github.com/521xueweihan/HelloGitHub,60303,"github,python,awesome,hellogithub","Oct 18, 2022",521xueweihan,github.com/521xueweihan
Tensors and Dynamic neural networks in Python with strong GPU acceleration,pytorch,github.com/pytorch/pytorch,59648,"python,machine-learning,deep-learning,neural-network,gpu,numpy,autograd,tensor","Oct 18, 2022",pytorch,github.com/pytorch
Deep Learning for humans,keras,github.com/keras-team/keras,56420,"python,data-science,machine-learning,deep-learning,tensorflow,neural-networks","Oct 18, 2022",keras-team,github.com/keras-team
ğŸ¡Open source home automation that puts local control and privacy first.,core,github.com/home-assistant/core,55356,"python,home-automation,mqtt,raspberry-pi,iot,internet-of-things,asyncio,hacktoberfest","Oct 18, 2022",home-assistant,github.com/home-assistant
"Ansible is a radically simple IT automation platform that makes your applications and systems easier to deploy and maintain. Automate everything from code deployment to network configuration to cloud management, in a language that approaches plain English, using SSH, with no agents to install on remote systems.",ansible,github.com/ansible/ansible,55084,"python,ansible,hacktoberfest","Oct 18, 2022",ansible,github.com/ansible
scikit-learn: machine learning in Python,scikit-learn,github.com/scikit-learn/scikit-learn,51748,"python,data-science,machine-learning,statistics,data-analysis","Oct 18, 2022",scikit-learn,github.com/scikit-learn
Topic Modelling for Humans,gensim,github.com/RaRe-Technologies/gensim,13614,"python,nlp,data-science,machine-learning,natural-language-processing,information-retrieval,data-mining,neural-network,word2vec,word-embeddings,topic-modeling,gensim,fasttext,document-similarity,word-similarity","Oct 17, 2022",RaRe-Technologies,github.com/RaRe-Technologies
100-Days-Of-ML-Codeä¸­æ–‡ç‰ˆ,100-Days-Of-ML-Code,github.com/MLEveryday/100-Days-Of-ML-Code,19221,"python,machine-learning,tutorial,deep-learning,tensorflow,keras,jupyter-notebook,supervised-learning,unsupervised-learning,chinese-simplified,infographics,100-days-of-ml-code","Apr 6, 2022",MLEveryday,github.com/MLEveryday
"Python programs, usually short, of considerable difficulty, to perfect particular skills.",pytudes,github.com/norvig/pytudes,19216,"python,practice,programming,python-3,demonstrate-skills","Sep 30, 2022",norvig,github.com/norvig
PArallel Distributed Deep LEarning: Machine Learning Framework from Industrial Practice ï¼ˆã€é£æ¡¨ã€æ ¸å¿ƒæ¡†æ¶ï¼Œæ·±åº¦å­¦ä¹ &æœºå™¨å­¦ä¹ é«˜æ€§èƒ½å•æœºã€åˆ†å¸ƒå¼è®­ç»ƒå’Œè·¨å¹³å°éƒ¨ç½²ï¼‰,Paddle,github.com/PaddlePaddle/Paddle,19020,"python,machine-learning,deep-learning,neural-network,scalability,efficiency,paddlepaddle,distributed-training","Oct 18, 2022",PaddlePaddle,github.com/PaddlePaddle
FlatBuffers: Memory Efficient Serialization Library,flatbuffers,github.com/google/flatbuffers,18895,"javascript,python,c,java,go,c-sharp,rust,c-plus-plus,serialization,typescript,protobuf,cross-platform,flatbuffers,zero-copy,marshalling,grpc,rpc,json-parser,mmap,serialization-library","Oct 18, 2022",google,github.com/google
ç¼–ç¨‹ç”µå­ä¹¦ï¼Œç”µå­ä¹¦ï¼Œç¼–ç¨‹ä¹¦ç±ï¼ŒåŒ…æ‹¬Cï¼ŒC#ï¼ŒDockerï¼ŒElasticsearchï¼ŒGitï¼ŒHadoopï¼ŒHeadFirstï¼ŒJavaï¼ŒJavascriptï¼Œjvmï¼ŒKafkaï¼ŒLinuxï¼ŒMavenï¼ŒMongoDBï¼ŒMyBatisï¼ŒMySQLï¼ŒNettyï¼ŒNginxï¼ŒPythonï¼ŒRabbitMQï¼ŒRedisï¼ŒScalaï¼ŒSolrï¼ŒSparkï¼ŒSpringï¼ŒSpringBootï¼ŒSpringCloudï¼ŒTCPIPï¼ŒTomcatï¼ŒZookeeperï¼Œäººå·¥æ™ºèƒ½ï¼Œå¤§æ•°æ®ç±»ï¼Œå¹¶å‘ç¼–ç¨‹ï¼Œæ•°æ®åº“ç±»ï¼Œæ•°æ®æŒ–æ˜ï¼Œæ–°é¢è¯•é¢˜ï¼Œæ¶æ„è®¾è®¡ï¼Œç®—æ³•ç³»åˆ—ï¼Œè®¡ç®—æœºç±»ï¼Œè®¾è®¡æ¨¡å¼ï¼Œè½¯ä»¶æµ‹è¯•ï¼Œé‡æ„ä¼˜åŒ–ï¼Œç­‰æ›´å¤šåˆ†ç±»,pdf,github.com/itdevbooks/pdf,18229,"mysql,python,linux,docker,redis,elasticsearch,spark,spring,hadoop,rabbitmq,solr,jvm,netty,springboot,mybatis,springcloud","May 18, 2022",itdevbooks,github.com/itdevbooks
"FastAPI framework, high performance, easy to learn, fast to code, ready for production",fastapi,github.com/tiangolo/fastapi,50621,"python,api,json,framework,web,rest,json-schema,async,swagger,openapi,python3,asyncio,swagger-ui,redoc,openapi3,python-types,uvicorn,starlette,pydantic,fastapi","Oct 18, 2022",tiangolo,github.com/tiangolo
æ¨èåˆ·é¢˜ç½‘ç«™ï¼š,leetcode,github.com/azl397985856/leetcode,49606,"javascript,python,java,computer-science,tree,algorithm,algorithms,leetcode,cpp,interview,algo,data-structures,leetcode-solutions,algorithms-datastructures","Oct 17, 2022",azl397985856,github.com/azl397985856
Apache Superset is a Data Visualization and Data Exploration Platform,superset,github.com/apache/superset,48620,"react,python,flask,data-science,bi,analytics,superset,apache,data-visualization,data-engineering,business-intelligence,data-viz,data-analytics,data-analysis,sql-editor,asf,business-analytics,apache-superset","Oct 18, 2022",apache,github.com/apache
"Powerline is a statusline plugin for vim, and provides statuslines and prompts for several other applications, including zsh, bash, tmux, IPython, Awesome and Qtile.",powerline,github.com/powerline/powerline,13543,"python,vim,bash,zsh,tmux,fish,ipython,prompt,powerline,statusline","Jun 23, 2022",powerline,github.com/powerline
"A comprehensive list of pytorch related content on github,such as different models,implementations,helper libraries,tutorials etc.",Awesome-pytorch-list,github.com/bharathgs/Awesome-pytorch-list,13467,"python,nlp,data-science,machine-learning,natural-language-processing,awesome,facebook,computer-vision,deep-learning,neural-network,cv,tutorials,pytorch,awesome-list,utility-library,probabilistic-programming,papers,nlp-library,pytorch-tutorials,pytorch-model","Sep 26, 2022",bharathgs,github.com/bharathgs
The official source code repository for the calibre ebook manager,calibre,github.com/kovidgoyal/calibre,13451,"python,ebook,epub,kindle,ebook-manager,calibre,ebook-reader,ebooks,ebook-formats,epub-generation","Oct 18, 2022",kovidgoyal,github.com/kovidgoyal
æœ€è‰¯å¿ƒçš„ Python æ•™ç¨‹ï¼š,Python,github.com/walter201230/Python,13357,"python,python3","Nov 21, 2021",walter201230,github.com/walter201230
"A cross-platform command-line utility that creates projects from cookiecutters (project templates), e.g. Python package projects, C projects.",cookiecutter,github.com/cookiecutter/cookiecutter,18201,"python,cookiecutter","Oct 14, 2022",cookiecutter,github.com/cookiecutter
çˆ¬è™«é›†åˆ,awesome-spider,github.com/facert/awesome-spider,18107,"python,awesome,spider","May 19, 2022",facert,github.com/facert
ZeroNet - Decentralized websites using Bitcoin crypto and BitTorrent network,ZeroNet,github.com/HelloZeroNet/ZeroNet,17655,"python,torrent,web,bittorrent,bitcoin,decentralized,realtime,p2p,tor,anticensorship,internet-freedom,anonymity","Oct 8, 2022",HelloZeroNet,github.com/HelloZeroNet
ğŸš€GraalVM: Run Programs Faster Anywhere,graal,github.com/oracle/graal,17636,"javascript,ruby,python,c,java,vm,r,polyglot","Oct 18, 2022",oracle,github.com/oracle
"Analytical Web Apps for Python, R, Julia, and Jupyter. No JavaScript Required.",dash,github.com/plotly/dash,17490,"react,python,productivity,flask,finance,data-science,bioinformatics,r,jupyter,julia,web-app,modeling,plotly,data-visualization,dash,rstats,gui-framework,charting,technical-computing,plotly-dash","Oct 17, 2022",plotly,github.com/plotly
"ğŸ¥§HTTPie for Terminal â€” modern, user-friendly command-line HTTP client for the API era. JSON support, colors, sessions, downloads, plugins & more.",httpie,github.com/httpie/httpie,24293,"python,api,debugging,cli,http,client,devops,json,development,terminal,web,rest,curl,rest-api,http-client,api-client,developer-tools,usability,api-testing,httpie","Oct 1, 2022",httpie,github.com/httpie
Your new Mentor for Data Science E-Learning.,Virgilio,github.com/virgili0/Virgilio,13342,"python,nlp,learning,data-science,machine-learning,statistics,computer-vision,study,tensorflow,guide,scikit-learn,learning-python,path,datascience,business-intelligence,guidelines,machine-vision,hacktoberfest,virgilio,studypath","Jul 25, 2022",virgili0,github.com/virgili0
ğŸ“šPlayground and cheatsheet for learning Python. Collection of Python scripts that are split by topics and contain code examples with explanations.,learn-python,github.com/trekhleb/learn-python,13328,"python,programming-language,learning,learning-python,python3,learning-by-doing","Oct 14, 2022",trekhleb,github.com/trekhleb
A Django content management system focused on flexibility and user experience,wagtail,github.com/wagtail/wagtail,13303,"python,cms,django,wagtail,hacktoberfest","Oct 18, 2022",wagtail,github.com/wagtail
"ANTLR (ANother Tool for Language Recognition) is a powerful parser generator for reading, processing, executing, or translating structured text or binary files.",antlr4,github.com/antlr/antlr4,13168,"javascript,python,java,dart,swift,golang,php,parse,csharp,parsing,cpp,parser-generator,grammar,antlr,antlr4,language-recognition","Oct 18, 2022",antlr,github.com/antlr
Python logging made (stupidly) simple,loguru,github.com/Delgan/loguru,13146,"python,log,logger,logging","Oct 17, 2022",Delgan,github.com/Delgan
"Investment Research for Everyone, Anywhere.",OpenBBTerminal,github.com/OpenBB-finance/OpenBBTerminal,17333,"python,finance,machine-learning,crypto,artificial-intelligence,cryptocurrency,economics,stocks,quantitative-finance,investment,hacktoberfest,investment-research","Oct 18, 2022",OpenBB-finance,github.com/OpenBB-finance
"Microsoft Cognitive Toolkit (CNTK), an open source deep-learning toolkit",CNTK,github.com/microsoft/CNTK,17240,"python,java,c-sharp,c-plus-plus,machine-learning,deep-neural-networks,deep-learning,neural-network,cntk,distributed,cognitive-toolkit","Sep 30, 2022",microsoft,github.com/microsoft
"A modular, high performance, headless e-commerce platform built with Python, GraphQL, Django, and React.",saleor,github.com/saleor/saleor,17044,"python,graphql,ecommerce,django,shopping-cart,commerce,shop,headless,store,ecommerce-platform,e-commerce,cart,multichannel,hacktoberfest,graphql-api,headless-ecommerce,headless-commerce","Oct 18, 2022",saleor,github.com/saleor
"åšæŒåˆ†äº« GitHub ä¸Šé«˜è´¨é‡ã€æœ‰è¶£å®ç”¨çš„å¼€æºæŠ€æœ¯æ•™ç¨‹ã€å¼€å‘è€…å·¥å…·ã€ç¼–ç¨‹ç½‘ç«™ã€æŠ€æœ¯èµ„è®¯ã€‚A list cool, interesting projects of GitHub.",GitHubDaily,github.com/GitHubDaily/GitHubDaily,16927,"github,javascript,python,java,linux,kubernetes,markdown,open-source,development,web,ai,frontend,backend,tutorials,developer-tools,algorithms-and-data-structures","Jun 11, 2022",GitHubDaily,github.com/GitHubDaily
"Data science Python notebooks: Deep learning (TensorFlow, Theano, Caffe, Keras), scikit-learn, Kaggle, big data (Spark, Hadoop MapReduce, HDFS), matplotlib, pandas, NumPy, SciPy, Python essentials, AWS, and various command lines.",data-science-ipython-notebooks,github.com/donnemartin/data-science-ipython-notebooks,23947,"python,aws,data-science,machine-learning,caffe,theano,big-data,spark,deep-learning,hadoop,tensorflow,numpy,scikit-learn,keras,pandas,kaggle,scipy,matplotlib,mapreduce","Oct 12, 2022",donnemartin,github.com/donnemartin
Python Development Workflow for Humans.,pipenv,github.com/pypa/pipenv,23354,"python,packaging,virtualenv,pip,pipfile","Oct 17, 2022",pypa,github.com/pypa
Python Fire is a library for automatically generating command line interfaces (CLIs) from absolutely any Python object.,python-fire,github.com/google/python-fire,23221,"python,cli","Sep 29, 2022",google,github.com/google
"A Fast, Extensible Progress Bar for Python and CLI",tqdm,github.com/tqdm/tqdm,23130,"python,cli,console,gui,time,terminal,telegram,utilities,jupyter,progress,discord,progress-bar,parallel,keras,meter,progressbar,pandas,progressmeter,rate,closember","Oct 18, 2022",tqdm,github.com/tqdm
The fastai deep learning library,fastai,github.com/fastai/fastai,22881,"python,machine-learning,deep-learning,gpu,pytorch,colab,notebooks,fastai","Oct 17, 2022",fastai,github.com/fastai
"A simple, yet elegant, HTTP library.",requests,github.com/psf/requests,48388,"python,http,client,cookies,requests,humans,forhumans,python-requests","Oct 15, 2022",psf,github.com/psf
Python composable command line interface toolkit,click,github.com/pallets/click,13084,"python,cli,click,pallets","Oct 17, 2022",pallets,github.com/pallets
Sourcetrail - free and open-source interactive source explorer,Sourcetrail,github.com/CoatiSoftware/Sourcetrail,12961,"python,c,java,cpp","Dec 13, 2021",CoatiSoftware,github.com/CoatiSoftware
Asynchronous HTTP client/server framework for asyncio and Python,aiohttp,github.com/aio-libs/aiohttp,12928,"python,http,async,http-client,aiohttp,http-server,asyncio,hacktoberfest","Oct 18, 2022",aio-libs,github.com/aio-libs
A formatter for Python files,yapf,github.com/google/yapf,12858,"python,formatter,google","Oct 3, 2022",google,github.com/google
ğŸ¨Python Echarts Plotting Library,pyecharts,github.com/pyecharts/pyecharts,12828,"python,echarts","Oct 14, 2022",pyecharts,github.com/pyecharts
Software to automate the management and configuration of any infrastructure or application at scale. Get access to the Salt software package repository here:,salt,github.com/saltstack/salt,12797,"python,iot,cloud,event-stream,zeromq,cloud-providers,event-management,configuration-management,edge,remote-execution,infrastructure-management,cloud-management,cloud-provisioning,infrastructure-as-code,infrastructure-automation,infrastructure-as-a-code,infrasructure","Oct 18, 2022",saltstack,github.com/saltstack
Ray is a unified framework for scaling AI and Python applications. Ray consists of a core distributed runtime and a toolkit of libraries (Ray AIR) for accelerating ML workloads.,ray,github.com/ray-project/ray,22359,"python,java,data-science,machine-learning,reinforcement-learning,deep-learning,deployment,tensorflow,optimization,parallel,pytorch,distributed,model-selection,hyperparameter-optimization,ray,automl,hyperparameter-search,serving,rllib","Oct 18, 2022",ray-project,github.com/ray-project
Python packaging and dependency management made easy,poetry,github.com/python-poetry/poetry,22269,"python,package-manager,dependency-manager,packaging,poetry","Oct 18, 2022",python-poetry,github.com/python-poetry
"Make Your Company Data Driven. Connect to any data source, easily visualize, dashboard and share your data.",redash,github.com/getredash/redash,21917,"visualization,javascript,mysql,python,bigquery,bi,spark,dashboard,athena,analytics,postgresql,business-intelligence,redash,redshift,databricks,hacktoberfest,spark-sql","Oct 14, 2022",getredash,github.com/getredash
The fundamental package for scientific computing with Python.,numpy,github.com/numpy/numpy,21716,"python,numpy","Oct 18, 2022",numpy,github.com/numpy
Minimal examples of data structures and algorithms in Python,algorithms,github.com/keon/algorithms,21713,"python,search,tree,algorithm,data-structure,algorithms,graph,competitive-programming,sort","Oct 18, 2022",keon,github.com/keon
Animation engine for explanatory math videos,manim,github.com/3b1b/manim,47516,"python,animation,explanatory-math-videos,3b1b-videos","Oct 11, 2022",3b1b,github.com/3b1b
The world's simplest facial recognition api for Python and the command line,face_recognition,github.com/ageitgey/face_recognition,46121,"python,machine-learning,face-recognition,face-detection","Sep 21, 2022",ageitgey,github.com/ageitgey
"Scrapy, a fast high-level web crawling & scraping framework for Python.",scrapy,github.com/scrapy/scrapy,44885,"python,crawler,framework,scraping,crawling,hacktoberfest","Oct 18, 2022",scrapy,github.com/scrapy
ğŸ’»A fully functional local AWS cloud stack. Develop and test your cloud & Serverless apps offline!,localstack,github.com/localstack/localstack,44089,"python,testing,aws,continuous-integration,developer-tools,hacktoberfest,localstack","Oct 18, 2022",localstack,github.com/localstack
"12 weeks, 26 lessons, 52 quizzes, classic Machine Learning for all",ML-For-Beginners,github.com/microsoft/ML-For-Beginners,42531,"python,education,data-science,machine-learning,r,scikit-learn,machine-learning-algorithms,ml,machinelearning,machinelearning-python,scikit-learn-python","Oct 11, 2022",microsoft,github.com/microsoft
TensorFlow Tutorial and Examples for Beginners (support TF v1 & v2),TensorFlow-Examples,github.com/aymericdamien/TensorFlow-Examples,42301,"python,machine-learning,tutorial,deep-learning,examples,tensorflow","Aug 30, 2022",aymericdamien,github.com/aymericdamien
"æ·±åº¦å­¦ä¹ å…¥é—¨å¼€æºä¹¦ï¼ŒåŸºäºTensorFlow 2.0æ¡ˆä¾‹å®æˆ˜ã€‚Open source Deep Learning book, based on TensorFlow 2.0 framework.",Deep-Learning-with-TensorFlow-book,github.com/dragen1860/Deep-Learning-with-TensorFlow-book,12773,"python,opensource,book,tensorflow,pytorch,machinelearning,deeplearning,tensorflow2","Aug 30, 2021",dragen1860,github.com/dragen1860
Pythonic HTML Parsing for Humansâ„¢,requests-html,github.com/psf/requests-html,12772,"python,html,http,scraping,requests,kennethreitz,beautifulsoup,lxml,css-selectors,pyquery","Jul 30, 2022",psf,github.com/psf
"Mobile Security Framework (MobSF) is an automated, all-in-one mobile application (Android/iOS/Windows) pen-testing, malware analysis and security assessment framework capable of performing static and dynamic analysis.",Mobile-Security-Framework-MobSF,github.com/MobSF/Mobile-Security-Framework-MobSF,12656,"python,rest,static-analysis,apk,owasp,dynamic-analysis,web-security,malware-analysis,mobsf,android-security,mobile-security,windows-mobile-security,ios-security,mobile-security-framework,api-testing,cwe,devsecops,runtime-security,mstg,masvs","Oct 17, 2022",MobSF,github.com/MobSF
"Suite of tools for deploying and training deep learning models using the JVM. Highlights include model import for keras, tensorflow, and onnx/pytorch, a modular and tiny c++ library for running math code and a java based math library on top of the core c++ library. Also includes samediff: a pytorch/tensorflow like library for running deep learning using automatic differentiation.",deeplearning4j,github.com/deeplearning4j/deeplearning4j,12652,"python,java,clojure,scala,spark,hadoop,gpu,intellij,linear-algebra,artificial-intelligence,deeplearning,neural-nets,dl4j,matrix-library,deeplearning4j","Oct 18, 2022",deeplearning4j,github.com/deeplearning4j
"ğŸ”’Consolidating and extending hosts files from several well-curated sources. Optionally pick extensions for porn, social media, and other categories.",hosts,github.com/StevenBlack/hosts,21679,"python,security,privacy,protection,anti-virus,malware,ad-blocker,unified-hosts,porn-filter,social-media-filter,hosts,gambling-filter,ransomware,pornblocker,trojans,curated-sources","Oct 18, 2022",StevenBlack,github.com/StevenBlack
"Glances an Eye on your system. A top/htop alternative for GNU/Linux, BSD, Mac OS and Windows operating systems.",glances,github.com/nicolargo/glances,21583,"python,multi-platform,terminal,web,monitoring,system,restful,restful-api","Oct 17, 2022",nicolargo,github.com/nicolargo
Streamlit â€” The fastest way to build data apps in Python,streamlit,github.com/streamlit/streamlit,21000,"python,data-science,machine-learning,deep-learning,data-visualization,developer-tools,data-analysis,streamlit","Oct 18, 2022",streamlit,github.com/streamlit
"Tornado is a Python web framework and asynchronous networking library, originally developed at FriendFeed.",tornado,github.com/tornadoweb/tornado,20803,"python,asynchronous","Oct 15, 2022",tornadoweb,github.com/tornadoweb
Deezer source separation library including pretrained models.,spleeter,github.com/deezer/spleeter,20654,"python,deep-learning,tensorflow,model,drums,deezer,pretrained-models,bass,audio-processing,vocals","Sep 30, 2022",deezer,github.com/deezer
Rich is a Python library for rich text and beautiful formatting in the terminal.,rich,github.com/Textualize/rich,40257,"python,emoji,syntax-highlighting,markdown,terminal,progress-bar,python-library,python3,traceback,ansi-colors,rich,tables,terminal-color,progress-bar-python,tracebacks-rich","Oct 17, 2022",Textualize,github.com/Textualize
"Iconic font aggregator, collection, & patcher. 3,600+ icons, 50+ patched fonts: Hack, Source Code Pro, more. Glyph collections: Font Awesome, Material Design Icons, Octicons, & more",nerd-fonts,github.com/ryanoasis/nerd-fonts,38895,"python,octicons,shell,font,fonts,patcher,font-awesome,icon-font,powerline,statusline,iconic-fonts,patched-fonts","Oct 17, 2022",ryanoasis,github.com/ryanoasis
100 Days of ML Coding,100-Days-Of-ML-Code,github.com/Avik-Jain/100-Days-Of-ML-Code,38636,"python,machine-learning,tutorial,deep-learning,svm,linear-regression,scikit-learn,linear-algebra,machine-learning-algorithms,naive-bayes-classifier,logistic-regression,implementation,support-vector-machines,100-days-of-code-log,100daysofcode,infographics,siraj-raval,siraj-raval-challenge","Jul 25, 2022",Avik-Jain,github.com/Avik-Jain
Clone a voice in 5 seconds to generate arbitrary speech in real-time,Real-Time-Voice-Cloning,github.com/CorentinJ/Real-Time-Voice-Cloning,37140,"python,deep-learning,tensorflow,pytorch,tts,voice-cloning","Sep 9, 2022",CorentinJ,github.com/CorentinJ
ğŸ”Hunt down social media accounts by username across social networks,sherlock,github.com/sherlock-project/sherlock,36475,"python,windows,macos,linux,cli,osint,tools,sherlock,python3,hacktoberfest,information-gathering,reconnaissance,redteam,hacktoberfest2022","Oct 18, 2022",sherlock-project,github.com/sherlock-project
"Build and train PyTorch models and connect them to the ML lifecycle using Lightning App templates, without handling DIY infrastructure, cost management, scaling, and other headaches.",lightning,github.com/Lightning-AI/lightning,20331,"python,data-science,machine-learning,ai,deep-learning,pytorch,artificial-intelligence","Oct 18, 2022",Lightning-AI,github.com/Lightning-AI
ğŸ¤–Python examples of popular machine learning algorithms with interactive Jupyter demos and math being explained,homemade-machine-learning,github.com/trekhleb/homemade-machine-learning,20304,"python,machine-learning,algorithm,jupyter,machine-learning-algorithms,jupyter-notebook,machinelearning","Oct 4, 2022",trekhleb,github.com/trekhleb
Distributed Task Queue (development branch),celery,github.com/celery/celery,20281,"python,redis,amqp,python-library,sqs,python3,task-runner,sqs-queue,task-manager,task-scheduler,redis-queue,queued-jobs,queue-workers,queue-tasks","Oct 17, 2022",celery,github.com/celery
Apache Flink,flink,github.com/apache/flink,19956,"python,java,scala,sql,big-data,flink","Oct 18, 2022",apache,github.com/apache
Python Data Science Handbook: full text in Jupyter Notebooks,PythonDataScienceHandbook,github.com/jakevdp/PythonDataScienceHandbook,36253,"python,numpy,scikit-learn,jupyter-notebook,pandas,matplotlib","Oct 4, 2022",jakevdp,github.com/jakevdp
ã€ŠåŠ¨æ‰‹å­¦æ·±åº¦å­¦ä¹ ã€‹ï¼šé¢å‘ä¸­æ–‡è¯»è€…ã€èƒ½è¿è¡Œã€å¯è®¨è®ºã€‚ä¸­è‹±æ–‡ç‰ˆè¢«60ä¸ªå›½å®¶çš„400æ‰€å¤§å­¦ç”¨äºæ•™å­¦ã€‚,d2l-zh,github.com/d2l-ai/d2l-zh,35701,"python,machine-learning,natural-language-processing,computer-vision,deep-learning,book,notebook,chinese","Oct 16, 2022",d2l-ai,github.com/d2l-ai
"Flexible and powerful data analysis / manipulation library for Python, providing labeled data structures similar to R data.frame objects, statistical functions, and much more",pandas,github.com/pandas-dev/pandas,35609,"python,data-science,flexible,pandas,alignment,data-analysis","Oct 18, 2022",pandas-dev,github.com/pandas-dev
A collection of design patterns/idioms in Python,python-patterns,github.com/faif/python-patterns,35263,"python,idioms,design-patterns","Aug 21, 2022",faif,github.com/faif
Apache Spark - A unified analytics engine for large-scale data processing,spark,github.com/apache/spark,34133,"python,java,r,scala,sql,big-data,spark,jdbc","Oct 18, 2022",apache,github.com/apache
AiLearningï¼šæ•°æ®åˆ†æ+æœºå™¨å­¦ä¹ å®æˆ˜+çº¿æ€§ä»£æ•°+PyTorch+NLTK+TF2,ailearning,github.com/apachecn/ailearning,34094,"python,nlp,svm,scikit-learn,sklearn,regression,logistic,dnn,lstm,pca,rnn,deeplearning,kmeans,adaboost,apriori,fp-growth,svd,naivebayes,mahchine-leaning,recommendedsystem","Jul 7, 2022",apachecn,github.com/apachecn
A youtube-dl fork with additional features and fixes,yt-dlp,github.com/yt-dlp/yt-dlp,33739,"python,youtube-dl,video-downloader,youtube-downloader,hacktoberfest,sponsorblock,youtube-dlc,sponskrub,yt-dlp","Oct 18, 2022",yt-dlp,github.com/yt-dlp
ğŸš€Awesome list of open source applications for macOS.,open-source-mac-os-apps,github.com/serhii-londar/open-source-mac-os-apps,32585,"javascript,ruby,python,c,macos,swift,open-source,mac,c-plus-plus,awesome,opensource,objective-c,apps,applications,macosx,awesome-list,hacktoberfest,macos-application","Oct 14, 2022",serhii-londar,github.com/serhii-londar
"ChatterBot is a machine learning, conversational dialog engine for creating chat bots",ChatterBot,github.com/gunthercox/ChatterBot,12576,"python,bot,language,machine-learning,chatbot,chatterbot,conversation","Sep 5, 2022",gunthercox,github.com/gunthercox
Python ç»ƒä¹ å†Œï¼Œæ¯å¤©ä¸€ä¸ªå°ç¨‹åº,show-me-the-code,github.com/Yixiaohan/show-me-the-code,12507,"python,tutorial,python-web","Nov 11, 2019",Yixiaohan,github.com/Yixiaohan
Command line interface for testing internet bandwidth using speedtest.net,speedtest-cli,github.com/sivel/speedtest-cli,12282,"python,python-library,python-script,speedtest","Oct 17, 2022",sivel,github.com/sivel
âœ¨The interactive graphing library for Python (includes Plotly Express),plotly.py,github.com/plotly/plotly.py,12276,"visualization,d3,python,webgl,dashboard,interactive,sparkles,plotly,declarative,jupyter-notebook,regl,plotlyjs,graph-library,plotly-dash","Oct 17, 2022",plotly,github.com/plotly
ğŸš€Awesome list of open-source startup alternatives to well-known SaaS products,awesome-oss-alternatives,github.com/RunaCapital/awesome-oss-alternatives,12268,"python,open-source,list,awesome,unicorns,resources,saas,awesome-list,startups,alternatives","Oct 14, 2022",RunaCapital,github.com/RunaCapital
"News, full-text, and article metadata extraction in Python 3. Advanced docs:",newspaper,github.com/codelucas/newspaper,12209,"python,crawler,scraper,news,crawling,news-aggregator","Oct 4, 2022",codelucas,github.com/codelucas
"An open source AutoML toolkit for automate machine learning lifecycle, including feature engineering, neural architecture search, model compression and hyper-parameter tuning.",nni,github.com/microsoft/nni,12091,"python,data-science,machine-learning,deep-learning,neural-network,tensorflow,machine-learning-algorithms,pytorch,distributed,hyperparameter-optimization,feature-engineering,nas,bayesian-optimization,hyperparameter-tuning,automl,automated-machine-learning,model-compression,neural-architecture-search,deep-neural-network,mlops","Oct 18, 2022",microsoft,github.com/microsoft
Free and Open Source Enterprise Resource Planning (ERP),erpnext,github.com/frappe/erpnext,12062,"support,python,distribution,integrations,localization,erp,profit,accounting,crm,healthcare,project-management,manufacturing,frappe,erpnext,procurement,retail,hacktoberfest,point-of-sale,hrms,asset-management","Oct 18, 2022",frappe,github.com/frappe
Privacy-respecting metasearch engine,searx,github.com/searx/searx,12039,"python,search,search-engine,metasearch,metasearch-engine","Oct 14, 2022",searx,github.com/searx
Serverless Python,Zappa,github.com/Miserlou/Zappa,11878,"python,flask,lambda,django,aws-lambda,serverless,api-gateway,serverless-framework,pyramid,zappa,bottle","Jul 20, 2022",Miserlou,github.com/Miserlou
TuShare is a utility for crawling historical data of China stocks,tushare,github.com/waditu/tushare,11789,"python,finance,pandas,fintech,stock-market,stock-data,tushare,realtime-quotes-data","Mar 28, 2022",waditu,github.com/waditu
ğŸ†A ranked list of awesome machine learning Python libraries. Updated weekly.,best-of-ml-python,github.com/ml-tooling/best-of-ml-python,11765,"python,nlp,data-science,machine-learning,awesome,deep-learning,tensorflow,scikit-learn,python-library,keras,ml,data-visualization,pytorch,transformer,data-analysis,automl,jax,data-visualizations,best-of","Oct 14, 2022",ml-tooling,github.com/ml-tooling
Seamless operability between C++11 and Python,pybind11,github.com/pybind/pybind11,11708,"python,bindings","Oct 18, 2022",pybind,github.com/pybind
"The ""Python Machine Learning (1st edition)""  book code repository and info resource",python-machine-learning-book,github.com/rasbt/python-machine-learning-book,11702,"python,data-science,machine-learning,data-mining,neural-network,scikit-learn,machine-learning-algorithms,logistic-regression","Aug 29, 2022",rasbt,github.com/rasbt
Network Analysis in Python,networkx,github.com/networkx/networkx,11688,"python,graph-algorithms,graph-theory,complex-networks,graph-visualization,graph-generation,graph-analysis","Oct 18, 2022",networkx,github.com/networkx
A collection of simple python mini projects to enhance your python skills,python-mini-projects,github.com/Python-World/python-mini-projects,11679,"python,opensource,tools,projects,learn-to-code,stuff,automate,miniprojects","Jul 17, 2022",Python-World,github.com/Python-World
A community-maintained Python framework for creating mathematical animations.,manim,github.com/ManimCommunity/manim,11629,"python,math,animations,hacktoberfest,manim","Oct 17, 2022",ManimCommunity,github.com/ManimCommunity
An API wrapper for Discord written in Python.,discord.py,github.com/Rapptz/discord.py,11622,"python,bot,discord,discord-bot,discord-api,discord-py,python-3","Oct 14, 2022",Rapptz,github.com/Rapptz
walle - ç“¦åŠ› Devopså¼€æºé¡¹ç›®ä»£ç éƒ¨ç½²å¹³å°,walle-web,github.com/meolu/walle-web,11535,"python,git,devops,deployer,cd,devops-tools,walle-web","Jan 6, 2022",meolu,github.com/meolu
"ä¸€äº›éå¸¸æœ‰è¶£çš„pythonçˆ¬è™«ä¾‹å­,å¯¹æ–°æ‰‹æ¯”è¾ƒå‹å¥½,ä¸»è¦çˆ¬å–æ·˜å®ã€å¤©çŒ«ã€å¾®ä¿¡ã€å¾®ä¿¡è¯»ä¹¦ã€è±†ç“£ã€QQç­‰ç½‘ç«™ã€‚(Some interesting examples of python crawlers that are friendly to beginners. )",examples-of-web-crawlers,github.com/shengqiangzhang/examples-of-web-crawlers,11478,"python,crawler,spider,example,selenium,multithreading,stock,wechat,taobao,pyquery,tmall,fund,agent-pool,wechat-report,wereader","Apr 27, 2022",shengqiangzhang,github.com/shengqiangzhang
AWX Project,awx,github.com/ansible/awx,11466,"python,ansible,automation,django,reactjs,django-rest-framework,hacktoberfest,awx","Oct 17, 2022",ansible,github.com/ansible
A toolkit for making real world machine learning and data analysis applications in C++,dlib,github.com/davisking/dlib,11465,"python,c-plus-plus,machine-learning,computer-vision,deep-learning,machine-learning-library,dlib","Oct 9, 2022",davisking,github.com/davisking
Data parsing and validation using Python type hints,pydantic,github.com/pydantic/pydantic,11300,"python,validation,parsing,json-schema,hints,python37,python38,pydantic,python39,python310","Oct 18, 2022",pydantic,github.com/pydantic
The premiere source of truth powering network automation. Open source under Apache 2. Public demo:,netbox,github.com/netbox-community/netbox,11289,"python,network,sysadmin,infrastructure-management,network-automation,netbox,ipam,dcim,cabling,sot","Oct 18, 2022",netbox-community,github.com/netbox-community
List of Data Science Cheatsheets to rule the world,ds-cheatsheets,github.com/FavioVazquez/ds-cheatsheets,11284,"python,r,programming,spark,jupyter,datascience,cheatsheet","Jun 9, 2022",FavioVazquez,github.com/FavioVazquez
ğŸš€Free (as in freedom) open source clone of the Age of Empires II engine,openage,github.com/SFTtech/openage,11284,"game,python,linux,c-plus-plus,qt,cmake,opengl,clone,game-engine,cpp,multiplayer,engine,game-development,entity-component-system,nyan,cpp17,openage,age-of-empires,rts-engine","Oct 17, 2022",SFTtech,github.com/SFTtech
ğŸ§ Leon is your open-source personal assistant.,leon,github.com/leon-ai/leon,11256,"nodejs,python,bot,text-to-speech,automation,privacy,ai,offline,chatbot,artificial-intelligence,speech-synthesis,assistant,speech-recognition,personal-assistant,speech-to-text,leon,flite,voice-assistant,virtual-assistant,deepspeech","Oct 16, 2022",leon-ai,github.com/leon-ai
"An open-source NLP research library, built on PyTorch.",allennlp,github.com/allenai/allennlp,11239,"python,nlp,data-science,natural-language-processing,deep-learning,pytorch","Oct 12, 2022",allenai,github.com/allenai
"HTTP Request & Response Service, written in Python + Flask.",httpbin,github.com/postmanlabs/httpbin,11203,"python,testing,api,http,json,service,http-server,httpbin","Oct 17, 2022",postmanlabs,github.com/postmanlabs
music library manager and MusicBrainz tagger,beets,github.com/beetbox/beets,11191,"python,music,cli,music-library,musicbrainz,hacktoberfest","Oct 18, 2022",beetbox,github.com/beetbox
Static site generator that supports Markdown and reST syntax. Powered by Python.,pelican,github.com/getpelican/pelican,11179,"python,static-site-generator,pelican","Sep 23, 2022",getpelican,github.com/getpelican
The Rogue Access Point Framework,wifiphisher,github.com/wifiphisher/wifiphisher,11179,"python,security,attack,malware,phishing,wifi,rogue,wifiphisher,access-point,redteaming","Aug 25, 2022",wifiphisher,github.com/wifiphisher
"12 Weeks, 24 Lessons, IoT for All!",IoT-For-Beginners,github.com/microsoft/IoT-For-Beginners,11179,"python,raspberry-pi,iot,rpi,microcontroller,cpp,hacktoberfest,iot-device,iot-edge","Oct 17, 2022",microsoft,github.com/microsoft
NLTK Source,nltk,github.com/nltk/nltk,11139,"python,nlp,machine-learning,natural-language-processing,nltk","Oct 12, 2022",nltk,github.com/nltk
Fast image augmentation library and an easy-to-use wrapper around other libraries. Documentation:,albumentations,github.com/albumentations-team/albumentations,10989,"python,machine-learning,deep-learning,detection,image-processing,image-classification,segmentation,object-detection,image-segmentation,image-augmentation,augmentation,fast-augmentations","Oct 18, 2022",albumentations-team,github.com/albumentations-team
Turi Create simplifies the development of custom machine learning models.,turicreate,github.com/apple/turicreate,10829,"python,machine-learning,deep-learning","Nov 29, 2021",apple,github.com/apple
"âš¡Automatically decrypt encryptions without knowing the key or cipher, decode encodings, and crack hashes",Ciphey,github.com/Ciphey/Ciphey,10808,"python,natural-language-processing,cryptography,cipher,cpp,hacking,artificial-intelligence,pentesting,ctf,hashes,encodings,decryption,hacktoberfest,ctf-tools,encryptions,deep-neural-network,cyberchef-magic","Oct 1, 2022",Ciphey,github.com/Ciphey
PRML algorithms implemented in Python,PRML,github.com/ctgk/PRML,10733,"python,jupyter,notebook,prml","May 14, 2022",ctgk,github.com/ctgk
"Launched in 2018. It's 2022 and PySimpleGUI is actively developed & supported. Create complex windows simply. Supports tkinter, Qt, WxPython, Remi (in browser). Create GUI applications trivially with a full set of widgets. Multi-Window applications are also simple. 3.4 to 3.11 supported. 325+ Demo programs & Cookbook for rapid start. Extensive documentation.  Examples for Machine Learning(OpenCV Integration,  Chatterbot), Rainmeter-like Desktop Widgets, Matplotlib + Pyplot integration, add GUI to command line scripts, PDF & Image Viewer. For both beginning and advanced programmers. docs -  PySimpleGUI.org GitHub - PySimpleGUI.com. The Minecraft of GUIs - simple to complex... does them all.",PySimpleGUI,github.com/PySimpleGUI/PySimpleGUI,10701,"python,gui,qt,games,tkinter,remi,user-interface,gui-framework,pyside2,wxpython,qt-gui,beginner-friendly,systemtray,datavisualization,tkinter-gui,python-gui,tkinter-python,gui-programming,pysimplegui,gui-window","Oct 17, 2022",PySimpleGUI,github.com/PySimpleGUI
Postgres CLI with autocompletion and syntax highlighting,pgcli,github.com/dbcli/pgcli,10688,"python,postgres,database,postgresql,psql","Oct 13, 2022",dbcli,github.com/dbcli
ğŸ”¥ã€Šä»£ç éšæƒ³å½•ã€‹LeetCode åˆ·é¢˜æ”»ç•¥ï¼š200é“ç»å…¸é¢˜ç›®åˆ·é¢˜é¡ºåºï¼Œå…±60wå­—çš„è¯¦ç»†å›¾è§£ï¼Œè§†é¢‘éš¾ç‚¹å‰–æï¼Œ50ä½™å¼ æ€ç»´å¯¼å›¾ï¼Œæ”¯æŒC++ï¼ŒJavaï¼ŒPythonï¼ŒGoï¼ŒJavaScriptç­‰å¤šè¯­è¨€ç‰ˆæœ¬ï¼Œä»æ­¤ç®—æ³•å­¦ä¹ ä¸å†è¿·èŒ«ï¼,leetcode-master,github.com/youngyangyang04/leetcode-master,32491,"javascript,python,java,go,algorithm,leetcode,cpp,interview,programmer,offer","Oct 18, 2022",youngyangyang04,github.com/youngyangyang04
Developer-first error tracking and performance monitoring,sentry,github.com/getsentry/sentry,32301,"python,devops,django,monitor,monitoring,crash-reporting,error-monitoring,sentry,crash-reports,csp-report,apm,hacktoberfest,error-logging","Oct 18, 2022",getsentry,github.com/getsentry
ğŸ˜±What the f*ck Python?,wtfpython,github.com/satwikkansal/wtfpython,31803,"python,snippets,documentation,wtf,gotchas,interview-questions,python-interview-questions,pitfalls,wats","Sep 18, 2022",satwikkansal,github.com/satwikkansal
"Linux, Jenkins, AWS, SRE, Prometheus, Docker, Python, Ansible, Git, Kubernetes, Terraform, OpenStack, SQL, NoSQL, Azure, GCP, DNS, Elastic, Network, Virtualization. DevOps Interview Questions",devops-exercises,github.com/bregman-arie/devops-exercises,31408,"python,git,linux,docker,kubernetes,aws,ansible,devops,sql,azure,containers,terraform,openstack,interview,prometheus,coding,sre,interview-questions,production-engineer","Oct 17, 2022",bregman-arie,github.com/bregman-arie
Learn how to responsibly deliver value with machine learning.,Made-With-ML,github.com/GokuMohandas/Made-With-ML,31161,"python,data-science,machine-learning,natural-language-processing,deep-learning,pytorch,data-engineering,mlops","Oct 5, 2022",GokuMohandas,github.com/GokuMohandas
Comprehensive Python Cheatsheet,python-cheatsheet,github.com/gto76/python-cheatsheet,30338,"python,reference,cheatsheet,python-cheatsheet","Oct 12, 2022",gto76,github.com/gto76
The uncompromising Python code formatter,black,github.com/psf/black,29830,"python,formatter,code,yapf,gofmt,autopep8,hacktoberfest,codeformatter,pre-commit-hook","Oct 18, 2022",psf,github.com/psf
Certbot is EFF's tool to obtain certs from Let's Encrypt and (optionally) auto-enable HTTPS on your server.  It can also act as a client for any other CA that uses the ACME protocol.,certbot,github.com/certbot/certbot,29347,"python,letsencrypt,acme-client,certificate,acme,certbot","Oct 18, 2022",certbot,github.com/certbot
Simple Python version management,pyenv,github.com/pyenv/pyenv,29082,"python,shell","Oct 17, 2022",pyenv,github.com/pyenv
An interactive TLS-capable intercepting HTTP proxy for penetration testers and software developers.,mitmproxy,github.com/mitmproxy/mitmproxy,28979,"python,tls,debugging,ssl,http,security,proxy,websocket,http2,man-in-the-middle,hacktoberfest","Oct 17, 2022",mitmproxy,github.com/mitmproxy
"Apache Airflow - A platform to programmatically author, schedule, and monitor workflows",airflow,github.com/apache/airflow,27863,"python,workflow,airflow,scheduler,apache,hacktoberfest,apache-airflow","Oct 18, 2022",apache,github.com/apache
Odoo. Open Source Apps To Grow Your Business.,odoo,github.com/odoo/odoo,26602,"python,business,erp,apps,management,odoo,odoo-apps","Oct 18, 2022",odoo,github.com/odoo
120+ interactive Python coding interview challenges (algorithms and data structures).  Includes Anki flashcards.,interactive-coding-challenges,github.com/donnemartin/interactive-coding-challenges,26376,"python,development,algorithm,programming,data-structure,interview,competitive-programming,coding,interview-practice,interview-questions","Oct 2, 2022",donnemartin,github.com/donnemartin
"Python best practices guidebook, written for humans.",python-guide,github.com/realpython/python-guide,25462,"python,book,guide,kennethreitz","Sep 1, 2022",realpython,github.com/realpython
Pythonèµ„æºå¤§å…¨ä¸­æ–‡ç‰ˆï¼ŒåŒ…æ‹¬ï¼šWebæ¡†æ¶ã€ç½‘ç»œçˆ¬è™«ã€æ¨¡æ¿å¼•æ“ã€æ•°æ®åº“ã€æ•°æ®å¯è§†åŒ–ã€å›¾ç‰‡å¤„ç†ç­‰ï¼Œç”±ã€Œå¼€æºå‰å“¨ã€å’Œã€ŒPythonå¼€å‘è€…ã€å¾®ä¿¡å…¬å·å›¢é˜Ÿç»´æŠ¤æ›´æ–°ã€‚,awesome-python-cn,github.com/jobbole/awesome-python-cn,25089,python,"Aug 29, 2022",jobbole,github.com/jobbole
Automatic SQL injection and database takeover tool,sqlmap,github.com/sqlmapproject/sqlmap,24935,"python,database,detection,sql-injection,pentesting,exploitation,sqlmap,takeover,vulnerability-scanner","Oct 17, 2022",sqlmapproject,github.com/sqlmapproject
â›”ï¸DEPRECATED â€“ See,handson-ml,github.com/ageron/handson-ml,24903,"python,machine-learning,deep-learning,neural-network,tensorflow,scikit-learn,jupyter-notebook,ml,deprecated,distributed","Sep 30, 2022",ageron,github.com/ageron
A browser automation framework and ecosystem.,selenium,github.com/SeleniumHQ/selenium,24899,"javascript,ruby,python,java,webdriver,dotnet,selenium","Oct 18, 2022",SeleniumHQ,github.com/SeleniumHQ
ğŸ’«Industrial-strength Natural Language Processing (NLP) in Python,spaCy,github.com/explosion/spaCy,24398,"python,nlp,data-science,machine-learning,natural-language-processing,ai,deep-learning,neural-network,text-classification,cython,artificial-intelligence,spacy,named-entity-recognition,neural-networks,nlp-library,tokenization,entity-linking","Oct 18, 2022",explosion,github.com/explosion
ğŸ¸Web APIs for Django.,django-rest-framework,github.com/encode/django-rest-framework,24295,"python,api,django,rest","Oct 17, 2022",encode,github.com/encode
